TICKER,EMPRESA,SETOR ECONÔMICO,SUBSETOR,SEGMENTO,,
BTTL4,Battistella Adm Participacoes S.A.,Bens Industriais,Comércio,Material de Transporte,,
EPAR3,Embpar Participacoes SA,Bens Industriais,Comércio,Material de Transporte,,
NAFG3,Nadir Figueiredo Indústria e Comércio S.A.,Bens Industriais,Comércio,Vidro,,
NAFG4,Nadir Figueiredo Indústria e Comércio S.A.,Bens Industriais,Comércio,Vidro,,
MMAQ3,Minasmaquinas S.A.,Bens Industriais,Comércio,Material de Transporte,,
MMAQ4,Minasmaquinas S.A.,Bens Industriais,Comércio,Material de Transporte,, 
SBFG3,Grupo Sbf SA,Consumo Cíclico,Comércio,Produtos Diversos,,
WEST3,Westwing Comercio Varejista SA,Consumo Cíclico,Comércio,Produtos para casa e decoração,,
WLMM3,Wlm Part. E Comercio De Maquinas E Veiculos S.A.,Bens Industriais,Comércio,Material de Transporte,,
WLMM4,Wlm Part. E Comercio De Maquinas E Veiculos S.A.,Bens Industriais,Comércio,Material de Transporte,,
AZEV3,Azevedo E Travassos S.A.,Bens Industriais,Construção e Engenharia,Construção Pesada,,
AZEV4,Azevedo E Travassos S.A.,Bens Industriais,Construção e Engenharia,Construção Pesada,,
SOND3,Sondotecnica Engenharia Solos S.A.,Bens Industriais,Construção e Engenharia,Engenharia Consultiva,,
SOND5,Sondotecnica Engenharia Solos S.A.,Bens Industriais,Construção e Engenharia,Engenharia Consultiva,,
SOND6,Sondotecnica Engenharia Solos S.A.,Bens Industriais,Construção e Engenharia,Engenharia Consultiva,,
TCNO3,Tecnosolo Engenharia S.A.,Bens Industriais,Construção e Engenharia,Engenharia Consultiva,,
TCNO4,Tecnosolo Engenharia S.A.,Bens Industriais,Construção e Engenharia,Engenharia Consultiva,,
ETER3,Eternit S.A.,Bens Industriais,Construção e Engenharia,Produtos para Construção,,
HAGA3,Haga S.A. Industria E Comercio,Bens Industriais,Construção e Engenharia,Produtos para Construção,,
HAGA4,Haga S.A. Industria E Comercio,Bens Industriais,Construção e Engenharia,Produtos para Construção,,
PTBL3,Pbg S/A,Bens Industriais,Construção e Engenharia,Produtos para Construção,,
MILS3,Mills Estruturas E Servicos De Engenharia S.A.,Bens Industriais,Construção e Engenharia,Serviços Diversos,,
TASA3,Taurus Armas S.A.,Bens Industriais,Máquinas e Equipamentos,Armas e Munições,,
TASA4,Taurus Armas S.A.,Bens Industriais,Máquinas e Equipamentos,Armas e Munições,,
MTSA3,Metisa Metalurgica Timboense S.A.,Bens Industriais,Máquinas e Equipamentos,Máq. e Equip. Construção e Agrícolas,,
MTSA4,Metisa Metalurgica Timboense S.A.,Bens Industriais,Máquinas e Equipamentos,Máq. e Equip. Construção e Agrícolas,,
STTR3,Stara S.A. - Industria De Implementos Agricolas,Bens Industriais,Máquinas e Equipamentos,Máq. e Equip. Construção e Agrícolas,,
AERI3,Aeris Ind. e Com. de Equip. Geração de Energia S.A.,Bens Industriais,Máquinas e Equipamentos,Máq. e Equip. Industriais,,
BDLL3,Bardella S.A. Industrias Mecanicas,Bens Industriais,Máquinas e Equipamentos,Máq. e Equip. Industriais,,
BDLL4,Bardella S.A. Industrias Mecanicas,Bens Industriais,Máquinas e Equipamentos,Máq. e Equip. Industriais,,
EALT3,Electro Aco Altona S.A.,Bens Industriais,Máquinas e Equipamentos,Máq. e Equip. Industriais,,
EALT4,Electro Aco Altona S.A.,Bens Industriais,Máquinas e Equipamentos,Máq. e Equip. Industriais,,
FRIO3,Metalfrio Solutions S.A.,Bens Industriais,Máquinas e Equipamentos,Máq. e Equip. Industriais,,
INEP3,Inepar S.A. Industria E Construcoes,Bens Industriais,Máquinas e Equipamentos,Máq. e Equip. Industriais,,
INEP4,Inepar S.A. Industria E Construcoes,Bens Industriais,Máquinas e Equipamentos,Máq. e Equip. Industriais,,
KEPL3,Kepler Weber S.A.,Bens Industriais,Máquinas e Equipamentos,Máq. e Equip. Industriais,,
NORD3,Nordon Industrias Metalurgicas S.A.,Bens Industriais,Máquinas e Equipamentos,Máq. e Equip. Industriais,,
PTCA11,Pratica Klimaquip Industria E Comercio SA,Bens Industriais,Máquinas e Equipamentos,Máq. e Equip. Industriais,,
PTCA3,Pratica Klimaquip Industria E Comercio SA,Bens Industriais,Máquinas e Equipamentos,Máq. e Equip. Industriais,,
ROMI3,Industrias Romi S.A.,Bens Industriais,Máquinas e Equipamentos,Máq. e Equip. Industriais,,
SHUL3,Schulz S.A.,Bens Industriais,Máquinas e Equipamentos,"Motores, Compressores e Outros",,
SHUL4,Schulz S.A.,Bens Industriais,Máquinas e Equipamentos,"Motores, Compressores e Outros",,
WEGE3,Weg S.A.,Bens Industriais,Máquinas e Equipamentos,"Motores, Compressores e Outros",,
EMBR3,Embraer S.A.,Bens Industriais,Material de Transporte,Material Aeronáutico e de Defesa,,
FRAS3,Fras-Le S.A.,Bens Industriais,Material de Transporte,Material Rodoviário,,
MWET3,Wetzel S.A.,Bens Industriais,Material de Transporte,Material Rodoviário,,
MWET4,Wetzel S.A.,Bens Industriais,Material de Transporte,Material Rodoviário,,
POMO3,Marcopolo S.A.,Bens Industriais,Material de Transporte,Material Rodoviário,,
POMO4,Marcopolo S.A.,Bens Industriais,Material de Transporte,Material Rodoviário,,
RAPT3,Randon S.A. Implementos E Participacoes,Bens Industriais,Material de Transporte,Material Rodoviário,,
RAPT4,Randon S.A. Implementos E Participacoes,Bens Industriais,Material de Transporte,Material Rodoviário,,
RCSL3,Recrusul S.A.,Bens Industriais,Material de Transporte,Material Rodoviário,,
RCSL4,Recrusul S.A.,Bens Industriais,Material de Transporte,Material Rodoviário,,
RSUL3,Metalurgica Riosulense S.A.,Bens Industriais,Material de Transporte,Material Rodoviário,,
RSUL4,Metalurgica Riosulense S.A.,Bens Industriais,Material de Transporte,Material Rodoviário,,
TUPY3,Tupy S.A.,Bens Industriais,Material de Transporte,Material Rodoviário,,
ALPK3,Allpark Empreendimentos Participacoes Servicos S.A,Bens Industriais,Serviços Diversos,Serviços Diversos,,
ATMP3,Atma Participacoes S.A.,Bens Industriais,Serviços Diversos,Serviços Diversos,,
BBML3,Bbm Logistica S.A.,Bens Industriais,Serviços Diversos,Serviços Diversos,,
CARD3,Csu Cardsystem S.A.,Bens Industriais,Serviços Diversos,Serviços Diversos,,
DTCY3,Dtcom - Direct To Company S.A.,Bens Industriais,Serviços Diversos,Serviços Diversos,,
DTCY4,Dtcom - Direct To Company S.A.,Bens Industriais,Serviços Diversos,Serviços Diversos,,
FLEX3,Flex Gestao De Relacionamentos S.A.,Bens Industriais,Serviços Diversos,Serviços Diversos,,
GGPS3,GPS Participações e Empreendimentos S.A.,Bens Industriais,Serviços Diversos,Terceirização de mão de obra,,
PRNR3,Priner Servicos Industriais S.A.,Bens Industriais,Serviços Diversos,Serviços Diversos,,
SEQL3,Sequoia Logistica E Transportes S.A,Bens Industriais,Serviços Diversos,Serviços Diversos,,
VLID3,Valid Solucoes S.A.,Bens Industriais,Serviços Diversos,Serviços Diversos,,
ANHB3,Conc Sist Anhang-Bandeirant S.A. Autoban,Bens Industriais,Transporte,Exploração de Rodovias,,
CCRO3,Ccr S.A.,Bens Industriais,Transporte,Exploração de Rodovias,,
CRTE,Conc Rio-Teresopolis S.A.,Bens Industriais,Transporte,Exploração de Rodovias,,
ECOR3,Ecorodovias Infraestrutura E Logistica S.A.,Bens Industriais,Transporte,Exploração de Rodovias,,
TPIS3,Tpi - Triunfo Particip. E Invest. S.A.,Bens Industriais,Transporte,Exploração de Rodovias,,
AGRU3,Conc. do Aeroporto Internacional de Guarulhos S.A.,Bens Industriais,Transporte,Serviços de Apoio e Armazenagem,,
IVPR3,Investimentos E Particip. Em Infra S.A. - Invepar,Bens Industriais,Transporte,Serviços de Apoio e Armazenagem,,
PSVM11,Porto Sudeste V.M. S.A.,Bens Industriais,Transporte,Serviços de Apoio e Armazenagem,,
STBP3,Santos Brasil Participacoes S.A.,Bens Industriais,Transporte,Serviços de Apoio e Armazenagem,,
WSON33,Wilson Sons Ltd.,Bens Industriais,Transporte,Serviços de Apoio e Armazenagem,,
AZUL4,Azul S.A.,Bens Industriais,Transporte,Transporte Aéreo,,
GOLL4,Gol Linhas Aereas Inteligentes S.A.,Bens Industriais,Transporte,Transporte Aéreo,,
FRRN,Rumo Malha Norte S.A.,Bens Industriais,Transporte,Transporte Ferroviário,,
MRSA,Mrs Logistica S.A.,Bens Industriais,Transporte,Transporte Ferroviário,,
RAIL3,Rumo S.A.,Bens Industriais,Transporte,Transporte Ferroviário,,
RLOG3,Cosan Logistica S.A.,Bens Industriais,Transporte,Transporte Ferroviário,,
VSPT3,Ferrovia Centro-Atlantica S.A.,Bens Industriais,Transporte,Transporte Ferroviário,,
VSPT4,Ferrovia Centro-Atlantica S.A.,Bens Industriais,Transporte,Transporte Ferroviário,,
HBSA3,Hidrovias Do Brasil S.A.,Bens Industriais,Transporte,Transporte Hidroviário,,
LOGN3,Log-In Logistica Intermodal S.A.,Bens Industriais,Transporte,Transporte Hidroviário,,
LUXM3,Trevisa Investimentos S.A.,Bens Industriais,Transporte,Transporte Hidroviário,,
LUXM4,Trevisa Investimentos S.A.,Bens Industriais,Transporte,Transporte Hidroviário,,
JSLG3,Jsl S.A.,Bens Industriais,Transporte,Transporte Rodoviário,,
TGMA3,Tegma Gestao Logistica S.A.,Bens Industriais,Transporte,Transporte Rodoviário,,
CNSY3,Cinesystem S.A.,Comunicações,Mídia,Produção e Difusão de Filmes e Programas,,
ALGT,Algar Telecom S.A.,Comunicações,Telecomunicações,Telecomunicações,,
ELMD3,Eletromidia SA,Comunicações,Mídia,Publicidade e propaganda,,
FIQE3,UNIFIQUE TELECOMUNICAÇÕES S.A.,Comunicações,Telecomunicações,Telecomunicações,,
OIBR3,Oi S.A.,Comunicações,Telecomunicações,Telecomunicações,,
OIBR4,Oi S.A.,Comunicações,Telecomunicações,Telecomunicações,,
TELB3,Telec Brasileiras S.A. Telebras,Comunicações,Telecomunicações,Telecomunicações,,
TELB4,Telec Brasileiras S.A. Telebras,Comunicações,Telecomunicações,Telecomunicações,,
TIMS3,Tim S.A.,Comunicações,Telecomunicações,Telecomunicações,,
VIVT3,Telefonica Brasil S.A,Comunicações,Telecomunicações,Telecomunicações,,
VIVT4,Telefonica Brasil S.A,Comunicações,Telecomunicações,Telecomunicações,,
LEVE3,Mahle-Metal Leve S.A.,Consumo Cíclico,Automóveis e Motocicletas,Automóveis e Motocicletas,,
MYPK3,Iochpe Maxion S.A.,Consumo Cíclico,Automóveis e Motocicletas,Automóveis e Motocicletas,,
PLAS3,Plascar Participacoes Industriais S.A.,Consumo Cíclico,Automóveis e Motocicletas,Automóveis e Motocicletas,,
MGLU3,Magazine Luiza S.A.,Consumo Cíclico,Comércio,Eletrodomésticos,,
VVAR3,Via Varejo S.A.,Consumo Cíclico,Comércio,Eletrodomésticos,,
BTOW3,B2w - Companhia Digital,Consumo Cíclico,Comércio,Produtos Diversos,,
CNTO3,Grupo Sbf SA,Consumo Cíclico,Comércio,Produtos Diversos,,
AMER3,Lojas Americanas S.A.,Consumo Cíclico,Comércio,Produtos Diversos,,
LAME3,Lojas Americanas S.A.,Consumo Cíclico,Comércio,Produtos Diversos,,
LAME4,Lojas Americanas S.A.,Consumo Cíclico,Comércio,Produtos Diversos,,
LJQQ3,Lojas Quero-Quero S/A,Consumo Cíclico,Comércio,Produtos Diversos,,
PETZ3,Pet Center Comercio  E Participacoes S.A.,Consumo Cíclico,Comércio,Produtos Diversos,,
SLED3,Saraiva Livreiros S.A.,Consumo Cíclico,Comércio,Produtos Diversos,,
SLED4,Saraiva Livreiros S.A.,Consumo Cíclico,Comércio,Produtos Diversos,,
AMAR3,Marisa Lojas S.A.,Consumo Cíclico,Comércio,"Tecidos, Vestuário e Calçados",,
ARZZ3,Arezzo Industria E Comercio S.A.,Consumo Cíclico,Comércio,"Tecidos, Vestuário e Calçados",,
ESPA3,MPM Corporeos SA (Espacolaser),Consumo Cíclico,Comércio,Estética,,
CEAB3,Cea Modas S.A.,Consumo Cíclico,Comércio,"Tecidos, Vestuário e Calçados",,
CGRA3,Grazziotin S.A.,Consumo Cíclico,Comércio,"Tecidos, Vestuário e Calçados",,
CGRA4,Grazziotin S.A.,Consumo Cíclico,Comércio,"Tecidos, Vestuário e Calçados",,
GUAR3,Guararapes Confeccoes S.A.,Consumo Cíclico,Comércio,"Tecidos, Vestuário e Calçados",,
LLIS3,Restoque Comercio E Confeccoes De Roupas S.A.,Consumo Cíclico,Comércio,"Tecidos, Vestuário e Calçados",,
LREN3,Lojas Renner S.A.,Consumo Cíclico,Comércio,"Tecidos, Vestuário e Calçados",,
SOMA3,Grupo De Moda Soma S.A.,Consumo Cíclico,Comércio,"Tecidos, Vestuário e Calçados",,
AVLL11,Alphaville S.A.,Consumo Cíclico,Construção Civil,Incorporações,,
AVLL3,Alphaville S.A.,Consumo Cíclico,Construção Civil,Incorporações,,
CALI3,Construtora Adolpho Lindenberg S.A.,Consumo Cíclico,Construção Civil,Incorporações,,
CALI4,Construtora Adolpho Lindenberg S.A.,Consumo Cíclico,Construção Civil,Incorporações,,
CRDE3,Cr2 Empreendimentos Imobiliarios S.A.,Consumo Cíclico,Construção Civil,Incorporações,,
CURY3,Cury Construtora E Incorporadora S.A.,Consumo Cíclico,Construção Civil,Incorporações,,
CYRE3,Cyrela Brazil Realty S.A.Empreend E Part,Consumo Cíclico,Construção Civil,Incorporações,,
DIRR3,Direcional Engenharia S.A.,Consumo Cíclico,Construção Civil,Incorporações,,
EVEN3,Even Construtora E Incorporadora S.A.,Consumo Cíclico,Construção Civil,Incorporações,,
EZTC3,Ez Tec Empreend. E Participacoes S.A.,Consumo Cíclico,Construção Civil,Incorporações,,
GFSA3,Gafisa S.A.,Consumo Cíclico,Construção Civil,Incorporações,,
HBOR3,Helbor Empreendimentos S.A.,Consumo Cíclico,Construção Civil,Incorporações,,
INNT3,Inter Construtora E Incorporadora S.A.,Consumo Cíclico,Construção Civil,Incorporações,,
JFEN3,Joao Fortes Engenharia S.A.,Consumo Cíclico,Construção Civil,Incorporações,,
JHSF3,Jhsf Participacoes S.A.,Consumo Cíclico,Construção Civil,Incorporações,,
LAVV3,Lavvi Empreendimentos Imobiliários S.A.,Consumo Cíclico,Construção Civil,Incorporações,,
MDNE3,Moura Dubeux Engenharia S/A,Consumo Cíclico,Construção Civil,Incorporações,,
MELK3,Melnick Desenvolvimento Imobiliário S.A.,Consumo Cíclico,Construção Civil,Incorporações,,
MRVE3,Mrv Engenharia E Participacoes S.A.,Consumo Cíclico,Construção Civil,Incorporações,,
MTRE3,Mitre Realty Empreendimentos E Participacoes S.A.,Consumo Cíclico,Construção Civil,Incorporações,,
PDGR3,Pdg Realty S.A. Empreend E Participacoes,Consumo Cíclico,Construção Civil,Incorporações,,
PLPL3,Plano & Plano Desenvolvimento Imobiliário S.A.,Consumo Cíclico,Construção Civil,Incorporações,,
RDNI3,Rni Negocios Imobiliarios S.A.,Consumo Cíclico,Construção Civil,Incorporações,,
RSID3,Rossi Residencial S.A.,Consumo Cíclico,Construção Civil,Incorporações,,
TCSA3,Tecnisa S.A.,Consumo Cíclico,Construção Civil,Incorporações,,
TEND3,Construtora Tenda S.A.,Consumo Cíclico,Construção Civil,Incorporações,,
TRIS3,Trisul S.A.,Consumo Cíclico,Construção Civil,Incorporações,,
VIVR3,Viver Incorporadora E Construtora S.A.,Consumo Cíclico,Construção Civil,Incorporações,,
ARML3,Armac,Consumo Cíclico,Diversos,Aluguel de equipamentos,,
LCAM3,Cia Locacao Das Americas,Consumo Cíclico,Diversos,Aluguel de carros,,
MOVI3,Movida Participacoes Sa,Consumo Cíclico,Diversos,Aluguel de carros,,
MSRO3,Maestro Locadora De Veiculos S.A.,Consumo Cíclico,Diversos,Aluguel de carros,,
RENT3,Localiza Rent A Car S.A.,Consumo Cíclico,Diversos,Aluguel de carros,,
VAMO3,Vamos Locacao De Caminhoes Maquinas E Equipamentos SA,Consumo Cíclico,Diversos,Aluguel de caminhões,,
SMLS3,Smiles Fidelidade S.A.,Consumo Cíclico,Diversos,Programas de Fidelização,,
ANIM3,Anima Holding S.A.,Consumo Cíclico,Diversos,Serviços Educacionais,,
BAHI3,Bahema Educacao S.A.,Consumo Cíclico,Diversos,Serviços Educacionais,,
COGN3,Cogna Educacao S.A.,Consumo Cíclico,Diversos,Serviços Educacionais,,
CSED3,"Cruzeiro do Sul Educacional",Consumo Cíclico,Diversos,Serviços Educacionais,,
SEER3,Ser Educacional S.A.,Consumo Cíclico,Diversos,Serviços Educacionais,,
SEDU3,Somos Educacao SA,Consumo Cíclico,Diversos,Serviços Educacionais,,
YDUQ3,Yduqs Participacoes S.A.,Consumo Cíclico,Diversos,Serviços Educacionais,,
HOOT3,Hoteis Othon S.A.,Consumo Cíclico,Hoteis e Restaurantes,Hotelaria,,
HOOT4,Hoteis Othon S.A.,Consumo Cíclico,Hoteis e Restaurantes,Hotelaria,,
BKBR3,Bk Brasil Operacao E Assessoria A Restaurantes SA,Consumo Cíclico,Hoteis e Restaurantes,Restaurante e Similares,,
MEAL3,International Meal Company Alimentacao S.A.,Consumo Cíclico,Hoteis e Restaurantes,Restaurante e Similares,,
MNDL3,Mundial S.A. - Produtos De Consumo,Consumo Cíclico,"Tecidos, Vestuário e Calçados",Acessórios,,
TECN3,Technos S.A.,Consumo Cíclico,"Tecidos, Vestuário e Calçados",Acessórios,,
VIVA3,Vivara Participacoes S.A,Consumo Cíclico,"Tecidos, Vestuário e Calçados",Acessórios,,
ALPA3,Alpargatas S.A.,Consumo Cíclico,"Tecidos, Vestuário e Calçados",Calçados,,
ALPA4,Alpargatas S.A.,Consumo Cíclico,"Tecidos, Vestuário e Calçados",Calçados,,
CAMB3,Cambuci S.A.,Consumo Cíclico,"Tecidos, Vestuário e Calçados",Calçados,,
CAMB4,Cambuci S.A.,Consumo Cíclico,"Tecidos, Vestuário e Calçados",Calçados,,
GRND3,Grendene S.A.,Consumo Cíclico,"Tecidos, Vestuário e Calçados",Calçados,,
VULC3,Vulcabras/Azaleia S.A.,Consumo Cíclico,"Tecidos, Vestuário e Calçados",Calçados,,
CATA3,Cia Industrial Cataguases,Consumo Cíclico,"Tecidos, Vestuário e Calçados",Fios e Tecidos,,
CATA4,Cia Industrial Cataguases,Consumo Cíclico,"Tecidos, Vestuário e Calçados",Fios e Tecidos,,
CEDO3,Cia Fiacao Tecidos Cedro Cachoeira,Consumo Cíclico,"Tecidos, Vestuário e Calçados",Fios e Tecidos,,
CEDO4,Cia Fiacao Tecidos Cedro Cachoeira,Consumo Cíclico,"Tecidos, Vestuário e Calçados",Fios e Tecidos,,
CTKA3,Karsten S.A.,Consumo Cíclico,"Tecidos, Vestuário e Calçados",Fios e Tecidos,,
CTKA4,Karsten S.A.,Consumo Cíclico,"Tecidos, Vestuário e Calçados",Fios e Tecidos,,
CTNM3,Cia Tecidos Norte De Minas Coteminas,Consumo Cíclico,"Tecidos, Vestuário e Calçados",Fios e Tecidos,,
CTNM4,Cia Tecidos Norte De Minas Coteminas,Consumo Cíclico,"Tecidos, Vestuário e Calçados",Fios e Tecidos,,
CTSA3,Cia Tecidos Santanense,Consumo Cíclico,"Tecidos, Vestuário e Calçados",Fios e Tecidos,,
CTSA4,Cia Tecidos Santanense,Consumo Cíclico,"Tecidos, Vestuário e Calçados",Fios e Tecidos,,
CTSA8,Cia Tecidos Santanense,Consumo Cíclico,"Tecidos, Vestuário e Calçados",Fios e Tecidos,,
DOHL3,Dohler S.A.,Consumo Cíclico,"Tecidos, Vestuário e Calçados",Fios e Tecidos,,
DOHL4,Dohler S.A.,Consumo Cíclico,"Tecidos, Vestuário e Calçados",Fios e Tecidos,,
ECPR3,Empresa Nac Com Redito Part S.A.Encorpar,Consumo Cíclico,"Tecidos, Vestuário e Calçados",Fios e Tecidos,,
ECPR4,Empresa Nac Com Redito Part S.A.Encorpar,Consumo Cíclico,"Tecidos, Vestuário e Calçados",Fios e Tecidos,,
PTNT3,Pettenati S.A. Industria Textil,Consumo Cíclico,"Tecidos, Vestuário e Calçados",Fios e Tecidos,,
PTNT4,Pettenati S.A. Industria Textil,Consumo Cíclico,"Tecidos, Vestuário e Calçados",Fios e Tecidos,,
SGPS3,Springs Global Participacoes S.A.,Consumo Cíclico,"Tecidos, Vestuário e Calçados",Fios e Tecidos,,
TEKA3,Teka-Tecelagem Kuehnrich S.A.,Consumo Cíclico,"Tecidos, Vestuário e Calçados",Fios e Tecidos,,
TEKA4,Teka-Tecelagem Kuehnrich S.A.,Consumo Cíclico,"Tecidos, Vestuário e Calçados",Fios e Tecidos,,
TXRX11,Textil Renauxview S.A.,Consumo Cíclico,"Tecidos, Vestuário e Calçados",Fios e Tecidos,,
TXRX3,Textil Renauxview S.A.,Consumo Cíclico,"Tecidos, Vestuário e Calçados",Fios e Tecidos,,
TXRX4,Textil Renauxview S.A.,Consumo Cíclico,"Tecidos, Vestuário e Calçados",Fios e Tecidos,,
HGTX3,Cia Hering,Consumo Cíclico,"Tecidos, Vestuário e Calçados",Vestuário,,
TFCO4,Track & Field Co S.A.,Consumo Cíclico,"Tecidos, Vestuário e Calçados",Vestuário,,
WHRL3,Whirlpool S.A.,Consumo Cíclico,Utilidades Domésticas,Eletrodomésticos,,
WHRL4,Whirlpool S.A.,Consumo Cíclico,Utilidades Domésticas,Eletrodomésticos,,
UCAS3,Unicasa Industria De Moveis S.A.,Consumo Cíclico,Utilidades Domésticas,Móveis,,
HETA3,Hercules S.A. Fabrica De Talheres,Consumo Cíclico,Utilidades Domésticas,Utensílios Domésticos,,
HETA4,Hercules S.A. Fabrica De Talheres,Consumo Cíclico,Utilidades Domésticas,Utensílios Domésticos,,
SMFT3,Smartfit Escola De Ginastica E Danca S.A.,Consumo Cíclico,Viagens e Lazer,Atividades Esportivas,,
BMKS3,Bicicletas Monark S.A.,Consumo Cíclico,Viagens e Lazer,Bicicletas,,
ESTR3,Manufatura De Brinquedos Estrela S.A.,Consumo Cíclico,Viagens e Lazer,Brinquedos e Jogos,,
ESTR4,Manufatura De Brinquedos Estrela S.A.,Consumo Cíclico,Viagens e Lazer,Brinquedos e Jogos,,
AHEB3,Sao Paulo Turismo S.A.,Consumo Cíclico,Viagens e Lazer,Produção de Eventos e Shows,,
AHEB5,Sao Paulo Turismo S.A.,Consumo Cíclico,Viagens e Lazer,Produção de Eventos e Shows,,
AHEB6,Sao Paulo Turismo S.A.,Consumo Cíclico,Viagens e Lazer,Produção de Eventos e Shows,,
SHOW3,T4f Entretenimento S.A.,Consumo Cíclico,Viagens e Lazer,Produção de Eventos e Shows,,
CVCB3,Cvc Brasil Operadora E Agencia De Viagens S.A.,Consumo Cíclico,Viagens e Lazer,Viagens e Turismo,,
AGRO3,Brasilagro - Cia Bras De Prop Agricolas,Consumo não Cíclico,Agropecuária,Agricultura,,
AGXY3,AgroGalaxy,Consumo não Cíclico,Agropecuária,Agricultura,,
APTI3,Siderurgica J. L. Aliperti S.A.,Consumo não Cíclico,Agropecuária,Agricultura,,
APTI4,Siderurgica J. L. Aliperti S.A.,Consumo não Cíclico,Agropecuária,Agricultura,,
FRTA3,Pomifrutas S/A,Consumo não Cíclico,Agropecuária,Agricultura,,
GRAO3,Agroibrasil,Consumo não Cíclico,Agropecuária,Agricultura,,
LAND3,Terra Santa Properties Agricolas SA,Consumo não Cíclico,Agropecuária,Agricultura,,
SLCE3,Slc Agricola S.A.,Consumo não Cíclico,Agropecuária,Agricultura,,
SOJA3,"Boa Safra Sementes SA",Consumo não Cíclico,Agropecuária,Agricultura,,
TESA3,Terra Santa Agro S.A.,Consumo não Cíclico,Agropecuária,Agricultura,,
TTEN3,Tres Tentos Agroindustrial SA,Consumo não Cíclico,Agropecuária,Agricultura,,
BSEV3,Biosev S.A.,Consumo não Cíclico,Alimentos Processados,Açucar e Alcool,,
JALL3,Jalles Machado S.A.,Consumo não Cíclico,Alimentos Processados,Açucar e Alcool,,
SMTO3,Sao Martinho S.A.,Consumo não Cíclico,Alimentos Processados,Açucar e Alcool,,
CAML3,Camil Alimentos S.A.,Consumo não Cíclico,Alimentos Processados,Alimentos Diversos,,
JOPA3,Josapar-Joaquim Oliveira S.A. - Particip,Consumo não Cíclico,Alimentos Processados,Alimentos Diversos,,
JOPA4,Josapar-Joaquim Oliveira S.A. - Particip,Consumo não Cíclico,Alimentos Processados,Alimentos Diversos,,
MDIA3,M.Dias Branco S.A. Ind Com De Alimentos,Consumo não Cíclico,Alimentos Processados,Alimentos Diversos,,
ODER3,Conservas Oderich S.A.,Consumo não Cíclico,Alimentos Processados,Alimentos Diversos,,
ODER4,Conservas Oderich S.A.,Consumo não Cíclico,Alimentos Processados,Alimentos Diversos,,
BAUH3,Excelsior Alimentos S.A.,Consumo não Cíclico,Alimentos Processados,Carnes e Derivados,,
BAUH4,Excelsior Alimentos S.A.,Consumo não Cíclico,Alimentos Processados,Carnes e Derivados,,
BEEF3,Minerva S.A.,Consumo não Cíclico,Alimentos Processados,Carnes e Derivados,,
BRFS3,Brf S.A.,Consumo não Cíclico,Alimentos Processados,Carnes e Derivados,,
JBSS3,Jbs S.A.,Consumo não Cíclico,Alimentos Processados,Carnes e Derivados,,
MNPR3,Minupar Participacoes S.A.,Consumo não Cíclico,Alimentos Processados,Carnes e Derivados,,
MRFG3,Marfrig Global Foods S.A.,Consumo não Cíclico,Alimentos Processados,Carnes e Derivados,,
ABEV3,Ambev S.A.,Consumo não Cíclico,Bebidas,Cervejas e Refrigerantes,,
CRFB3,Atacadao S.A.,Consumo não Cíclico,Comércio e Distribuição,Alimentos,,
PCAR3,Pao de Acucar Companhia Brasileira de Distribuicao (GPA),Consumo não Cíclico,Comércio e Distribuição,Alimentos,,
ASAI3,Sendas Distribuidora SA,Consumo não Cíclico,Comércio e Distribuição,Alimentos,,
GMAT3,Grupo Mateus S.A.,Consumo não Cíclico,Comércio e Distribuição,Alimentos,,
BOBR3,Bombril S.A.,Consumo não Cíclico,Produtos de Uso Pessoal e de Limpeza,Produtos de Limpeza,,
BOBR4,Bombril S.A.,Consumo não Cíclico,Produtos de Uso Pessoal e de Limpeza,Produtos de Limpeza,,
NTCO3,Natura &Co Holding S.A.,Consumo não Cíclico,Produtos de Uso Pessoal e de Limpeza,Produtos de Uso Pessoal e de Limpeza,,
ALSO3,Aliansce Sonae Shopping Centers S.A.,Financeiro,Exploração de Imóveis,Exploração de Imóveis,,
BRML3,Br Malls Participacoes S.A.,Financeiro,Exploração de Imóveis,Exploração de Imóveis,,
BRPR11,Br Properties S.A.,Financeiro,Exploração de Imóveis,Exploração de Imóveis,,
BRPR3,Br Properties S.A.,Financeiro,Exploração de Imóveis,Exploração de Imóveis,,
CCPR3,Cyrela Commercial Propert S.A. Empr Part,Financeiro,Exploração de Imóveis,Exploração de Imóveis,,
CORR3,Correa Ribeiro S.A. Comercio E Industria,Financeiro,Exploração de Imóveis,Exploração de Imóveis,,
CORR4,Correa Ribeiro S.A. Comercio E Industria,Financeiro,Exploração de Imóveis,Exploração de Imóveis,,
G2DI33,G2D Investments Ltd DRC,Financeiro,Intermediários Financeiros,Bancos,,
GSHP3,General Shopping E Outlets Do Brasil S.A.,Financeiro,Exploração de Imóveis,Exploração de Imóveis,,
HBRE3,HBR Realty Empreendimentos Imobiliarios SA,Financeiro,Exploração de Imóveis,Exploração de Imóveis,,
HBTS3,Cia Habitasul De Participacoes,Financeiro,Exploração de Imóveis,Exploração de Imóveis,,
HBTS5,Cia Habitasul De Participacoes,Financeiro,Exploração de Imóveis,Exploração de Imóveis,,
HBTS6,Cia Habitasul De Participacoes,Financeiro,Exploração de Imóveis,Exploração de Imóveis,,
IGBR3,Igb Eletronica S/A,Financeiro,Exploração de Imóveis,Exploração de Imóveis,,
IGTA3,Iguatemi Empresa De Shopping Centers S.A,Financeiro,Exploração de Imóveis,Exploração de Imóveis,,
JPSA3,Jereissati Participacoes S.A.,Financeiro,Exploração de Imóveis,Exploração de Imóveis,,
LOGG3,Log Commercial Properties,Financeiro,Exploração de Imóveis,Exploração de Imóveis,,
MNZC,Terminal Garagem Menezes Cortes S.A.,Financeiro,Exploração de Imóveis,Exploração de Imóveis,,
MULT3,Multiplan - Empreend Imobiliarios S.A.,Financeiro,Exploração de Imóveis,Exploração de Imóveis,,
SCAR3,Sao Carlos Empreend E Participacoes S.A.,Financeiro,Exploração de Imóveis,Exploração de Imóveis,,
BBRK3,Brasil Brokers Participacoes S.A.,Financeiro,Exploração de Imóveis,Intermediação Imobiliária,,
LPSB3,Lps Brasil - Consultoria De Imoveis S.A.,Financeiro,Exploração de Imóveis,Intermediação Imobiliária,,
MOAR3,Monteiro Aranha S.A.,Financeiro,Holdings Diversificadas,Holdings Diversificadas,,
PEAB3,Cia Participacoes Alianca Da Bahia,Financeiro,Holdings Diversificadas,Holdings Diversificadas,,
PEAB4,Cia Participacoes Alianca Da Bahia,Financeiro,Holdings Diversificadas,Holdings Diversificadas,,
SIMH3,Simpar S.A.,Financeiro,Holdings Diversificadas,Holdings Diversificadas,,
ABCB4,Bco Abc Brasil S.A.,Financeiro,Intermediários Financeiros,Bancos,,
BAZA3,Bco Amazonia S.A.,Financeiro,Intermediários Financeiros,Bancos,,
BBAS11,Bco Brasil S.A.,Financeiro,Intermediários Financeiros,Bancos,,
BBAS12,Bco Brasil S.A.,Financeiro,Intermediários Financeiros,Bancos,,
BBAS3,Bco Brasil S.A.,Financeiro,Intermediários Financeiros,Bancos,,
BBDC3,Bco Bradesco S.A.,Financeiro,Intermediários Financeiros,Bancos,,
BBDC4,Bco Bradesco S.A.,Financeiro,Intermediários Financeiros,Bancos,,
BEES3,Banestes S.A. - Bco Est Espirito Santo,Financeiro,Intermediários Financeiros,Bancos,,
BEES4,Banestes S.A. - Bco Est Espirito Santo,Financeiro,Intermediários Financeiros,Bancos,,
BGIP3,Bco Estado De Sergipe S.A. - Banese,Financeiro,Intermediários Financeiros,Bancos,,
BGIP4,Bco Estado De Sergipe S.A. - Banese,Financeiro,Intermediários Financeiros,Bancos,,
BIDI11,Banco Inter S.A.,Financeiro,Intermediários Financeiros,Bancos,,
BIDI3,Banco Inter S.A.,Financeiro,Intermediários Financeiros,Bancos,,
BIDI4,Banco Inter S.A.,Financeiro,Intermediários Financeiros,Bancos,,
BMEB3,Bco Mercantil Do Brasil S.A.,Financeiro,Intermediários Financeiros,Bancos,,
BMEB4,Bco Mercantil Do Brasil S.A.,Financeiro,Intermediários Financeiros,Bancos,,
BMGB4,Banco Bmg S.A.,Financeiro,Intermediários Financeiros,Bancos,,
BMIN3,Bco Mercantil De Investimentos S.A.,Financeiro,Intermediários Financeiros,Bancos,,
BMIN4,Bco Mercantil De Investimentos S.A.,Financeiro,Intermediários Financeiros,Bancos,,
BNBR3,Bco Nordeste Do Brasil S.A.,Financeiro,Intermediários Financeiros,Bancos,,
BPAC11,Bco Btg Pactual S.A.,Financeiro,Intermediários Financeiros,Bancos,,
BPAC3,Bco Btg Pactual S.A.,Financeiro,Intermediários Financeiros,Bancos,,
BPAC5,Bco Btg Pactual S.A.,Financeiro,Intermediários Financeiros,Bancos,,
BPAT33,Banco Patagonia S.A.,Financeiro,Intermediários Financeiros,Bancos,,
BPAN11,Bco Pan S.A.,Financeiro,Intermediários Financeiros,Bancos,,
BPAN4,Bco Pan S.A.,Financeiro,Intermediários Financeiros,Bancos,,
BPAR3,Bco Estado Do Para S.A.,Financeiro,Intermediários Financeiros,Bancos,,
BRBI11,BR Advisory Partners Participações,Financeiro,Intermediários Financeiros,Bancos,,
BRIV3,Bco Alfa De Investimento S.A.,Financeiro,Intermediários Financeiros,Bancos,,
BRIV4,Bco Alfa De Investimento S.A.,Financeiro,Intermediários Financeiros,Bancos,,
BRSR3,Bco Estado Do Rio Grande Do Sul S.A.,Financeiro,Intermediários Financeiros,Bancos,,
BRSR5,Bco Estado Do Rio Grande Do Sul S.A.,Financeiro,Intermediários Financeiros,Bancos,,
BRSR6,Bco Estado Do Rio Grande Do Sul S.A.,Financeiro,Intermediários Financeiros,Bancos,,
BSLI3,Brb Bco De Brasilia S.A.,Financeiro,Intermediários Financeiros,Bancos,,
BSLI4,Brb Bco De Brasilia S.A.,Financeiro,Intermediários Financeiros,Bancos,,
IDVL3,Bco Indusval S.A.,Financeiro,Intermediários Financeiros,Bancos,,
IDVL4,Bco Indusval S.A.,Financeiro,Intermediários Financeiros,Bancos,,
ITSA3,Itausa Investimentos Itau S.A.,Financeiro,Intermediários Financeiros,Bancos,,
ITSA4,Itausa Investimentos Itau S.A.,Financeiro,Intermediários Financeiros,Bancos,,
ITUB3,Itau Unibanco Holding S.A.,Financeiro,Intermediários Financeiros,Bancos,,
ITUB4,Itau Unibanco Holding S.A.,Financeiro,Intermediários Financeiros,Bancos,,
MODL11,Modalmais ,Financeiro,Intermediários Financeiros,Bancos,,
MODL3,Modalmais ,Financeiro,Intermediários Financeiros,Bancos,,
MODL4,Modalmais ,Financeiro,Intermediários Financeiros,Bancos,,
PINE3,Bco Pine S.A.,Financeiro,Intermediários Financeiros,Bancos,,
PINE4,Bco Pine S.A.,Financeiro,Intermediários Financeiros,Bancos,,
RPAD3,Alfa Holdings S.A.,Financeiro,Intermediários Financeiros,Bancos,,
RPAD5,Alfa Holdings S.A.,Financeiro,Intermediários Financeiros,Bancos,,
RPAD6,Alfa Holdings S.A.,Financeiro,Intermediários Financeiros,Bancos,,
SANB11,Bco Santander (brasil) S.A.,Financeiro,Intermediários Financeiros,Bancos,,
SANB3,Bco Santander (brasil) S.A.,Financeiro,Intermediários Financeiros,Bancos,,
SANB4,Bco Santander (brasil) S.A.,Financeiro,Intermediários Financeiros,Bancos,,
CRIV3,Financeira Alfa S.A.- Cred Financ E Invs,Financeiro,Intermediários Financeiros,Soc. Crédito e Financiamento,,
CRIV4,Financeira Alfa S.A.- Cred Financ E Invs,Financeiro,Intermediários Financeiros,Soc. Crédito e Financiamento,,
FNCN3,Finansinos S.A.- Credito Financ E Invest,Financeiro,Intermediários Financeiros,Soc. Crédito e Financiamento,,
MERC3,Mercantil Brasil Financ S.A. C.F.I.,Financeiro,Intermediários Financeiros,Soc. Crédito e Financiamento,,
MERC4,Mercantil Brasil Financ S.A. C.F.I.,Financeiro,Intermediários Financeiros,Soc. Crédito e Financiamento,,
APER3,Alper Consultoria E Corretora De Seguros S.A.,Financeiro,Previdência e Seguros,Corretoras de Seguros,,
WIZS3,Wiz Solucoes E Corretagem De Seguros S.A.,Financeiro,Previdência e Seguros,Corretoras de Seguros,,
BBSE3,BB Seguridade Participacoes S.A.,Financeiro,Previdência e Seguros,Seguradoras,,
BRGE11,Consorcio Alfa De Administracao S.A.,Financeiro,Previdência e Seguros,Seguradoras,,
BRGE12,Consorcio Alfa De Administracao S.A.,Financeiro,Previdência e Seguros,Seguradoras,,
BRGE3,Consorcio Alfa De Administracao S.A.,Financeiro,Previdência e Seguros,Seguradoras,,
BRGE5,Consorcio Alfa De Administracao S.A.,Financeiro,Previdência e Seguros,Seguradoras,,
BRGE6,Consorcio Alfa De Administracao S.A.,Financeiro,Previdência e Seguros,Seguradoras,,
BRGE7,Consorcio Alfa De Administracao S.A.,Financeiro,Previdência e Seguros,Seguradoras,,
BRGE8,Consorcio Alfa De Administracao S.A.,Financeiro,Previdência e Seguros,Seguradoras,,
CSAB3,Cia Seguros Alianca Da Bahia,Financeiro,Previdência e Seguros,Seguradoras,,
CSAB4,Cia Seguros Alianca Da Bahia,Financeiro,Previdência e Seguros,Seguradoras,,
CXSE3,Caixa Seguridade Participacoes SA,Financeiro,Previdência e Seguros,Seguradoras,,
IRBR3,Irb - Brasil Resseguros S.A.,Financeiro,Previdência e Seguros,Seguradoras,,
PSSA3,Porto Seguro S.A.,Financeiro,Previdência e Seguros,Seguradoras,,
SULA11,Sul America S.A.,Financeiro,Previdência e Seguros,Seguradoras,,
SULA3,Sul America S.A.,Financeiro,Previdência e Seguros,Seguradoras,,
SULA4,Sul America S.A.,Financeiro,Previdência e Seguros,Seguradoras,,
GPIV33,"Gp Investments, Ltd.",Financeiro,Serviços Financeiros Diversos,Gestão de Recursos e Investimentos,,
PDTC3,Padtec Holding S.A.,Financeiro,Serviços Financeiros Diversos,Gestão de Recursos e Investimentos,,
PPLA11,Ppla Participations Ltd.,Financeiro,Serviços Financeiros Diversos,Gestão de Recursos e Investimentos,,
BOAS3,Boa Vista Serviços S.A.,Financeiro,Serviços Financeiros Diversos,Serviços Financeiros Diversos,,
B3SA3,B3 S.A. - Brasil,Financeiro,Serviços Financeiros Diversos,Serviços Financeiros Diversos,,
CIEL3,Cielo S.A.,Financeiro,Serviços Financeiros Diversos,Serviços Financeiros Diversos,,
CTBA,Prefeitura Municipal De Curitiba,Financeiro,Outros Títulos,Outros Títulos,,
MCRJ,Município Do Rio De Janeiro,Financeiro,Outros Títulos,Outros Títulos,,
PMSP,Prefeitura Municipal De Sao Paulo,Financeiro,Outros Títulos,Outros Títulos,,
MTIG3,Metalgrafica Iguacu S.A.,Materiais Básicos,Embalagens,Embalagens,,
MTIG4,Metalgrafica Iguacu S.A.,Materiais Básicos,Embalagens,Embalagens,,
DTEX3,Duratex S.A.,Materiais Básicos,Madeira e Papel,Madeira,,
EUCA3,Eucatex S.A. Industria E Comercio,Materiais Básicos,Madeira e Papel,Madeira,,
EUCA4,Eucatex S.A. Industria E Comercio,Materiais Básicos,Madeira e Papel,Madeira,,
KLBN11,Klabin S.A.,Materiais Básicos,Madeira e Papel,Papel e Celulose,,
KLBN3,Klabin S.A.,Materiais Básicos,Madeira e Papel,Papel e Celulose,,
KLBN4,Klabin S.A.,Materiais Básicos,Madeira e Papel,Papel e Celulose,,
MSPA3,Cia Melhoramentos De Sao Paulo,Materiais Básicos,Madeira e Papel,Papel e Celulose,,
MSPA4,Cia Melhoramentos De Sao Paulo,Materiais Básicos,Madeira e Papel,Papel e Celulose,,
NEMO3,Suzano Holding S.A.,Materiais Básicos,Madeira e Papel,Papel e Celulose,,
NEMO5,Suzano Holding S.A.,Materiais Básicos,Madeira e Papel,Papel e Celulose,,
NEMO6,Suzano Holding S.A.,Materiais Básicos,Madeira e Papel,Papel e Celulose,,
RANI3,Irani Papel E Embalagem S.A.,Materiais Básicos,Madeira e Papel,Papel e Celulose,,
RANI4,Irani Papel E Embalagem S.A.,Materiais Básicos,Madeira e Papel,Papel e Celulose,,
SUZB3,Suzano S.A.,Materiais Básicos,Madeira e Papel,Papel e Celulose,,
SNSY3,Sansuy S.A. Industria De Plasticos,Materiais Básicos,Materiais Diversos,Materiais Diversos,,
SNSY5,Sansuy S.A. Industria De Plasticos,Materiais Básicos,Materiais Diversos,Materiais Diversos,,
SNSY6,Sansuy S.A. Industria De Plasticos,Materiais Básicos,Materiais Diversos,Materiais Diversos,,
BRAP3,Bradespar S.A.,Materiais Básicos,Mineração,Minerais Metálicos,,
BRAP4,Bradespar S.A.,Materiais Básicos,Mineração,Minerais Metálicos,,
LTEL,Litel Participacoes S.A.,Materiais Básicos,Mineração,Minerais Metálicos,,
LTLA,Litela Participações S.A.,Materiais Básicos,Mineração,Minerais Metálicos,,
MMXM11,Mmx Mineracao E Metalicos S.A.,Materiais Básicos,Mineração,Minerais Metálicos,,
MMXM3,Mmx Mineracao E Metalicos S.A.,Materiais Básicos,Mineração,Minerais Metálicos,,
VALE3,Vale S.A.,Materiais Básicos,Mineração,Minerais Metálicos,,
AURA33,Aura Minerals,Materiais Básicos,Mineração,Minerais Metálicos,,
CBAV3,"Companhia Brasileira de Alumínio",Materiais Básicos,Mineração,Minerais Metálicos,,
CCXC3,CCX Carvão da Colômbia S.A.,Materiais Básicos,Mineração,Carvão,,
CMIN3,CSN Mineiração S. A.,Materiais Básicos,Mineração,Minerais Metálicos,,
ELEK3,Elekeiroz SA,Materiais Básicos,Químicos,Petroquímicos,,
FHER3,Fertilizantes Heringer S.A.,Materiais Básicos,Químicos,Fertilizantes e Defensivos,,
NUTR3,Nutriplant Industria E Comercio S.A.,Materiais Básicos,Químicos,Fertilizantes e Defensivos,,
BRKM3,Braskem S.A.,Materiais Básicos,Químicos,Petroquímicos,,
BRKM5,Braskem S.A.,Materiais Básicos,Químicos,Petroquímicos,,
BRKM6,Braskem S.A.,Materiais Básicos,Químicos,Petroquímicos,,
DEXP3,"Dexxos Particpacoes SA",Materiais Básicos,Químicos,Termofixos para painéis de madeira,,
DEXP4,"Dexxos Particpacoes SA",Materiais Básicos,Químicos,Termofixos para painéis de madeira,,
CRPG3,Tronox Pigmentos Do Brasil S.A.,Materiais Básicos,Químicos,Químicos Diversos,,
CRPG5,Tronox Pigmentos Do Brasil S.A.,Materiais Básicos,Químicos,Químicos Diversos,,
CRPG6,Tronox Pigmentos Do Brasil S.A.,Materiais Básicos,Químicos,Químicos Diversos,,
UNIP3,Unipar Carbocloro S.A.,Materiais Básicos,Químicos,Químicos Diversos,,
UNIP5,Unipar Carbocloro S.A.,Materiais Básicos,Químicos,Químicos Diversos,,
UNIP6,Unipar Carbocloro S.A.,Materiais Básicos,Químicos,Químicos Diversos,,
PMAM3,Paranapanema S.A.,Materiais Básicos,Siderurgia e Metalurgia,Artefatos de Cobre,,
FBMC3,Fibam,Materiais Básicos,Siderurgia e Metalurgia,Artefatos de Ferro e Aço,,
FBMC4,Fibam,Materiais Básicos,Siderurgia e Metalurgia,Artefatos de Ferro e Aço,,
MGEL3,Mangels Industrial S.A.,Materiais Básicos,Siderurgia e Metalurgia,Artefatos de Ferro e Aço,,
MGEL4,Mangels Industrial S.A.,Materiais Básicos,Siderurgia e Metalurgia,Artefatos de Ferro e Aço,,
PATI3,Panatlantica S.A.,Materiais Básicos,Siderurgia e Metalurgia,Artefatos de Ferro e Aço,,
PATI4,Panatlantica S.A.,Materiais Básicos,Siderurgia e Metalurgia,Artefatos de Ferro e Aço,,
TKNO3,Tekno S.A. - Industria E Comercio,Materiais Básicos,Siderurgia e Metalurgia,Artefatos de Ferro e Aço,,
TKNO4,Tekno S.A. - Industria E Comercio,Materiais Básicos,Siderurgia e Metalurgia,Artefatos de Ferro e Aço,,
CSNA3,Cia Siderurgica Nacional,Materiais Básicos,Siderurgia e Metalurgia,Siderurgia,,
FESA3,Cia Ferro Ligas Da Bahia - Ferbasa,Materiais Básicos,Siderurgia e Metalurgia,Siderurgia,,
FESA4,Cia Ferro Ligas Da Bahia - Ferbasa,Materiais Básicos,Siderurgia e Metalurgia,Siderurgia,,
GGBR3,Gerdau S.A.,Materiais Básicos,Siderurgia e Metalurgia,Siderurgia,,
GGBR4,Gerdau S.A.,Materiais Básicos,Siderurgia e Metalurgia,Siderurgia,,
GOAU3,Metalurgica Gerdau S.A.,Materiais Básicos,Siderurgia e Metalurgia,Siderurgia,,
GOAU4,Metalurgica Gerdau S.A.,Materiais Básicos,Siderurgia e Metalurgia,Siderurgia,,
USIM3,Usinas Sid De Minas Gerais S.A.-Usiminas,Materiais Básicos,Siderurgia e Metalurgia,Siderurgia,,
USIM5,Usinas Sid De Minas Gerais S.A.-Usiminas,Materiais Básicos,Siderurgia e Metalurgia,Siderurgia,,
USIM6,Usinas Sid De Minas Gerais S.A.-Usiminas,Materiais Básicos,Siderurgia e Metalurgia,Siderurgia,,
ALEF,Alef S.A.,Outros,Outros,Outros,,
ATOM3,Atom Empreendimentos E Participacoes S.A.,Outros,Outros,Outros,,
BETP,Betapart Participacoes S.A.,Outros,Outros,Outros,,
CABI,Cabinda Participacoes S.A.,Outros,Outros,Outros,,
CACO,Caconde Participacoes S.A.,Outros,Outros,Outros,,
CMSA3,Cims S.A.,Outros,Outros,Outros,,
CMSA4,Cims S.A.,Outros,Outros,Outros,,
FIGE3,Investimentos Bemge S.A.,Outros,Outros,Outros,,
FIGE4,Investimentos Bemge S.A.,Outros,Outros,Outros,,
JBDU3,Industrias J B Duarte S.A.,Outros,Outros,Outros,,
JBDU4,Industrias J B Duarte S.A.,Outros,Outros,Outros,,
MAPT3,Cemepe Investimentos S.A.,Outros,Outros,Outros,,
MAPT4,Cemepe Investimentos S.A.,Outros,Outros,Outros,,
OPGM,Gama Participacoes S.A.,Outros,Outros,Outros,,
OPHE,Opportunity Energia E Participacoes S.A.,Outros,Outros,Outros,,
OPSE,Sudeste S.A.,Outros,Outros,Outros,,
OPTS,Sul 116 Participacoes S.A.,Outros,Outros,Outros,,
PPAR3,Polpar S.A.,Outros,Outros,Outros,,
PRPT,Prompt Participacoes S.A.,Outros,Outros,Outros,,
QVQP,524 Participacoes S.A.,Outros,Outros,Outros,,
LUPA3,Lupatech S.A.,"Petróleo, Gás e Biocombustíveis","Petróleo, Gás e Biocombustíveis",Equipamentos e Serviços,,
OGXP3,OGX Oleo e Gas Participacoes SA,"Petróleo, Gás e Biocombustíveis","Petróleo, Gás e Biocombustíveis",Equipamentos e Serviços,,
OSXB3,Osx Brasil S.A.,"Petróleo, Gás e Biocombustíveis","Petróleo, Gás e Biocombustíveis",Equipamentos e Serviços,,
BRDT3,Petrobras Distribuidora S/A,"Petróleo, Gás e Biocombustíveis","Petróleo, Gás e Biocombustíveis","Exploração, Refino e Distribuição",,
CSAN3,Cosan S.A.,"Petróleo, Gás e Biocombustíveis","Petróleo, Gás e Biocombustíveis","Exploração, Refino e Distribuição",,
DMMO3,Dommo Energia S.A.,"Petróleo, Gás e Biocombustíveis","Petróleo, Gás e Biocombustíveis","Exploração, Refino e Distribuição",,
ENAT3,Enauta Participacoes S.A.,"Petróleo, Gás e Biocombustíveis","Petróleo, Gás e Biocombustíveis","Exploração, Refino e Distribuição",,
PETR3,Petroleo Brasileiro S.A. Petrobras,"Petróleo, Gás e Biocombustíveis","Petróleo, Gás e Biocombustíveis","Exploração, Refino e Distribuição",,
PETR4,Petroleo Brasileiro S.A. Petrobras,"Petróleo, Gás e Biocombustíveis","Petróleo, Gás e Biocombustíveis","Exploração, Refino e Distribuição",,
PRIO3,Petro Rio S.A.,"Petróleo, Gás e Biocombustíveis","Petróleo, Gás e Biocombustíveis","Exploração, Refino e Distribuição",,
RAIZ4,Raizen SA,"Petróleo, Gás e Biocombustíveis","Petróleo, Gás e Biocombustíveis","Exploração, Refino e Distribuição",,
RECV3,"Petroreconcavo S.A.(PETRORECSA)
","Petróleo, Gás e Biocombustíveis","Petróleo, Gás e Biocombustíveis","Exploração, Refino e Distribuição",,
RPMG3,Refinaria De Petroleos Manguinhos S.A.,"Petróleo, Gás e Biocombustíveis","Petróleo, Gás e Biocombustíveis","Exploração, Refino e Distribuição",,
RRRP3,3r Petroleum Óleo E Gás S.A,"Petróleo, Gás e Biocombustíveis","Petróleo, Gás e Biocombustíveis","Exploração, Refino e Distribuição",,
UGPA3,Ultrapar Participacoes S.A.,"Petróleo, Gás e Biocombustíveis","Petróleo, Gás e Biocombustíveis","Exploração, Refino e Distribuição",,
OPCT3,Oceanpact Servicos Maritimos SA,"Petróleo, Gás e Biocombustíveis","Petróleo, Gás e Biocombustíveis",Equipamentos e Serviços,,
CREM3,Cremer S. A.,Saúde,Comércio e Distribuição,Medicamentos e Outros Produtos,,
DMVF3,D1000 Varejo Farma Participações S.A.,Saúde,Comércio e Distribuição,Medicamentos e Outros Produtos,,
GBIO33, Biotoscana Investments SA,Saúde,Comércio e Distribuição,Medicamentos e Outros Produtos,,
HYPE3,Hypera S.A.,Saúde,Comércio e Distribuição,Medicamentos e Outros Produtos,,
PFRM3,Profarma Distrib Prod Farmaceuticos S.A.,Saúde,Comércio e Distribuição,Medicamentos e Outros Produtos,,
PGMN3,Empreendimentos Pague Menos S.A.,Saúde,Comércio e Distribuição,Medicamentos e Outros Produtos,,
BPHA3,Brasil Pharma S.A.,Saúde,Comércio e Distribuição,Medicamentos e Outros Produtos,,
BLAU3,BLAU FARMACÊUTICA S/A,Saúde,Comércio e Distribuição,Medicamentos e Outros Produtos,,
PNVL3,Dimed S.A. Distribuidora De Medicamentos,Saúde,Comércio e Distribuição,Medicamentos e Outros Produtos,,
PNVL4,Dimed S.A. Distribuidora De Medicamentos,Saúde,Comércio e Distribuição,Medicamentos e Outros Produtos,,
RADL3,Raia Drogasil S.A.,Saúde,Comércio e Distribuição,Medicamentos e Outros Produtos,,
BALM3,Baumer S.A.,Saúde,Equipamentos,Equipamentos,,
BALM4,Baumer S.A.,Saúde,Equipamentos,Equipamentos,,
LMED3,Lifemed Industrial Equip. De Art. Med. Hosp. S.A.,Saúde,Equipamentos,Equipamentos,,
BIOM3,Biomm S.A.,Saúde,Medicamentos e Outros Produtos,Medicamentos e Outros Produtos,,
NRTQ3,Nortec Quimica S.A.,Saúde,Medicamentos e Outros Produtos,Medicamentos e Outros Produtos,,
OFSA3,Ouro Fino Saude Animal Participacoes S.A.,Saúde,Medicamentos e Outros Produtos,Medicamentos e Outros Produtos,,
AALR3,Centro De Imagem Diagnosticos S.A.,Saúde,"Serviços Médico - Hospitalares, Análises e Diagnósticos","Serviços Médico - Hospitalares, Análises e Diagnósticos",,
ADHM3,Advanced Digital Health Medicina Preventiva S.A.,Saúde,"Serviços Médico - Hospitalares, Análises e Diagnósticos","Serviços Médico - Hospitalares, Análises e Diagnósticos",,
DASA3,Diagnosticos Da America S.A.,Saúde,"Serviços Médico - Hospitalares, Análises e Diagnósticos","Serviços Médico - Hospitalares, Análises e Diagnósticos",,
FLRY3,Fleury S.A.,Saúde,"Serviços Médico - Hospitalares, Análises e Diagnósticos","Serviços Médico - Hospitalares, Análises e Diagnósticos",,
GNDI3,Notre Dame Intermedica Participacoes Sa,Saúde,"Serviços Médico - Hospitalares, Análises e Diagnósticos","Serviços Médico - Hospitalares, Análises e Diagnósticos",,
HAPV3,Hapvida Participacoes E Investimentos SA,Saúde,"Serviços Médico - Hospitalares, Análises e Diagnósticos","Serviços Médico - Hospitalares, Análises e Diagnósticos",,
KRSA3,"Kora Saude Participacoes SA",Saúde,"Serviços Médico - Hospitalares, Análises e Diagnósticos","Serviços Médico - Hospitalares, Análises e Diagnósticos",,
MATD3,Hospital Mater Dei SA,Saúde,"Serviços Médico - Hospitalares, Análises e Diagnósticos","Serviços Médico - Hospitalares, Análises e Diagnósticos",,
ODPV3,Odontoprev S.A.,Saúde,"Serviços Médico - Hospitalares, Análises e Diagnósticos","Serviços Médico - Hospitalares, Análises e Diagnósticos",,
PARD3,Instituto Hermes Pardini S.A.,Saúde,"Serviços Médico - Hospitalares, Análises e Diagnósticos","Serviços Médico - Hospitalares, Análises e Diagnósticos",,
QUAL3,Qualicorp Consultoria E Corretora De Seguros S.A.,Saúde,"Serviços Médico - Hospitalares, Análises e Diagnósticos","Serviços Médico - Hospitalares, Análises e Diagnósticos",,
RDOR3,Rede Dor São Luiz S.A.,Saúde,"Serviços Médico - Hospitalares, Análises e Diagnósticos","Serviços Médico - Hospitalares, Análises e Diagnósticos",,
INTB3,Intelbras SA,Tecnologia da Informação,Computadores e Equipamentos,Computadores e Equipamentos,,
ITEC3,ITAUTEC PHILCO SA - GRUPO ITAUTEC PHILCO ON,Tecnologia da Informação,Computadores e Equipamentos,Computadores e Equipamentos,,
MLAS3,Multilaser Industrial S.A,Tecnologia da Informação,Computadores e Equipamentos,Computadores e Equipamentos,,
POSI3,Positivo Tecnologia S.A.,Tecnologia da Informação,Computadores e Equipamentos,Computadores e Equipamentos,,
BMOB3,Bemobi Mobile Tech,Tecnologia da Informação,Programas e Serviços,Programas e Serviços,,
BRIT3,Brisanet Participacoes SA,Tecnologia da Informação,Programas e Serviços,Programas e Serviços,,
BRQB3,Brq Solucoes Em Informatica S.A.,Tecnologia da Informação,Programas e Serviços,Programas e Serviços,,
ALLD3,Allied Tecnologia SA,Tecnologia da Informação,Programas e Serviços,Programas e Serviços,,
CASH3,Méliuz S.A.,Tecnologia da Informação,Programas e Serviços,Sistema financeiro com pontuação,,
DOTZ3,Dotz SA,Tecnologia da Informação,Programas e Serviços,Sistema financeiro com pontuação,,
CLSA3,ClearSale,Tecnologia da Informação,Programas e Serviços,Sistema antifraude,,
DESK3,Desktop Sigmanet Comunicacao Multimidia SA,Tecnologia da Informação,Programas e Serviços,Provedor de site,,
ENJU3,Enjoei.Com.Br Atividades De Internet S.A.,Tecnologia da Informação,Programas e Serviços,Programas e Serviços,,
IFCM3,Infracommerce Caxaas SA,Tecnologia da Informação,Programas e Serviços,Programas e Serviços,,
LINX3,Linx S.A.,Tecnologia da Informação,Programas e Serviços,Programas e Serviços,,
LVTC3,Livetech Da Bahia Industria E Comercio SA,Tecnologia da Informação,Programas e Serviços,Tecnologia wireless e segurança predial eletrônica,,
LWSA3,Locaweb Servicos De Internet S.A.,Tecnologia da Informação,Programas e Serviços,Provedor de site,,
MBLY3,Mobly SA,Tecnologia da Informação,Programas e Serviços,Comércio eletrônico,,
MOSI3,MOSAICO SA,Tecnologia da Informação,Programas e Serviços,Provedor de site,,
NGRD3,Neogrid Participacoes S.A.,Tecnologia da Informação,Programas e Serviços,Programas e Serviços,,
NINJ3,Getninjas SA,Tecnologia da Informação,Programas e Serviços,Programas e Serviços,,
CTCA3,Centro de Tecnologia Canavieira S.A. - CTC,Tecnologia da Informação,Programas e Serviços,Não definido,,
QUSW3,Quality Software S.A.,Tecnologia da Informação,Programas e Serviços,Programas e Serviços,,
SQIA3,Sinqia S.A.,Tecnologia da Informação,Programas e Serviços,Programas e Serviços,,
TOTS3,Totvs S.A.,Tecnologia da Informação,Programas e Serviços,Programas e Serviços,,
TRAD3,Traders Club Ltda,Tecnologia da Informação,Programas e Serviços,Programa de plataforma de trade,,
AMBP3,Ambipar Participacoes E Empreendimentos S/A,Utilidade Pública,Água e Saneamento,Água e Saneamento,,
CASN3,Cia Catarinense De Aguas E Saneam.-Casan,Utilidade Pública,Água e Saneamento,Água e Saneamento,,
CASN4,Cia Catarinense De Aguas E Saneam.-Casan,Utilidade Pública,Água e Saneamento,Água e Saneamento,,
CSMG3,Cia Saneamento De Minas Gerais-Copasa MG,Utilidade Pública,Água e Saneamento,Água e Saneamento,,
IGSN3,Igua Saneamento S.A.,Utilidade Pública,Água e Saneamento,Água e Saneamento,,
ORVR3,Orizon Valorizacao De Residuos SA,Utilidade Pública,Água e Saneamento,Água e Saneamento,,
SAPR11,Cia Saneamento Do Parana - Sanepar,Utilidade Pública,Água e Saneamento,Água e Saneamento,,
SAPR3,Cia Saneamento Do Parana - Sanepar,Utilidade Pública,Água e Saneamento,Água e Saneamento,,
SAPR4,Cia Saneamento Do Parana - Sanepar,Utilidade Pública,Água e Saneamento,Água e Saneamento,,
SBSP3,Cia Saneamento Basico Est Sao Paulo,Utilidade Pública,Água e Saneamento,Água e Saneamento,,
AESL,RGE Sul Distribuidora de Energia S.A.,Utilidade Pública,Energia Elétrica,Energia Elétrica,,
AFLT3,Afluente Transmissao De Energia Eletrica S/A,Utilidade Pública,Energia Elétrica,Energia Elétrica,,
ALUP11,Alupar Investimento S/A,Utilidade Pública,Energia Elétrica,Energia Elétrica,,
ALUP3,Alupar Investimento S/A,Utilidade Pública,Energia Elétrica,Energia Elétrica,,
ALUP4,Alupar Investimento S/A,Utilidade Pública,Energia Elétrica,Energia Elétrica,,
CBEE3,Ampla Energia E Servicos S.A.,Utilidade Pública,Energia Elétrica,Energia Elétrica,,
CEBR3,Cia Energetica De Brasilia,Utilidade Pública,Energia Elétrica,Energia Elétrica,,
CEBR5,Cia Energetica De Brasilia,Utilidade Pública,Energia Elétrica,Energia Elétrica,,
CEBR6,Cia Energetica De Brasilia,Utilidade Pública,Energia Elétrica,Energia Elétrica,,
CEEB3,Cia Eletricidade Est. Da Bahia - Coelba,Utilidade Pública,Energia Elétrica,Energia Elétrica,,
CEEB5,Cia Eletricidade Est. Da Bahia - Coelba,Utilidade Pública,Energia Elétrica,Energia Elétrica,,
CEEB6,Cia Eletricidade Est. Da Bahia - Coelba,Utilidade Pública,Energia Elétrica,Energia Elétrica,,
CEED3,Cia Estadual De Distrib Ener Elet-Ceee-D,Utilidade Pública,Energia Elétrica,Energia Elétrica,,
CEED4,Cia Estadual De Distrib Ener Elet-Ceee-D,Utilidade Pública,Energia Elétrica,Energia Elétrica,,
CEPE3,Cia Energetica De Pernambuco - Celpe,Utilidade Pública,Energia Elétrica,Energia Elétrica,,
CEPE5,Cia Energetica De Pernambuco - Celpe,Utilidade Pública,Energia Elétrica,Energia Elétrica,,
CEPE6,Cia Energetica De Pernambuco - Celpe,Utilidade Pública,Energia Elétrica,Energia Elétrica,,
CESP3,Cesp - Cia Energetica De Sao Paulo,Utilidade Pública,Energia Elétrica,Energia Elétrica,,
CESP5,Cesp - Cia Energetica De Sao Paulo,Utilidade Pública,Energia Elétrica,Energia Elétrica,,
CESP6,Cesp - Cia Energetica De Sao Paulo,Utilidade Pública,Energia Elétrica,Energia Elétrica,,
CLSC3,Centrais Elet De Santa Catarina S.A.,Utilidade Pública,Energia Elétrica,Energia Elétrica,,
CLSC4,Centrais Elet De Santa Catarina S.A.,Utilidade Pública,Energia Elétrica,Energia Elétrica,,
CMIG3,Cia Energetica De Minas Gerais - Cemig,Utilidade Pública,Energia Elétrica,Energia Elétrica,,
CMIG4,Cia Energetica De Minas Gerais - Cemig,Utilidade Pública,Energia Elétrica,Energia Elétrica,,
COCE3,Cia Energetica Do Ceara - Coelce,Utilidade Pública,Energia Elétrica,Energia Elétrica,,
COCE5,Cia Energetica Do Ceara - Coelce,Utilidade Pública,Energia Elétrica,Energia Elétrica,,
COCE6,Cia Energetica Do Ceara - Coelce,Utilidade Pública,Energia Elétrica,Energia Elétrica,,
CPFE3,Cpfl Energia S.A.,Utilidade Pública,Energia Elétrica,Energia Elétrica,,
CPLE3,Cia Paranaense De Energia - Copel,Utilidade Pública,Energia Elétrica,Energia Elétrica,,
CPLE5,Cia Paranaense De Energia - Copel,Utilidade Pública,Energia Elétrica,Energia Elétrica,,
CPLE6,Cia Paranaense De Energia - Copel,Utilidade Pública,Energia Elétrica,Energia Elétrica,,
CPLE11,Cia Paranaense De Energia - Copel,Utilidade Pública,Energia Elétrica,Energia Elétrica,,
CPRE3,Cpfl Energias Renovaveis S.A.,Utilidade Pública,Energia Elétrica,Energia Elétrica,,
CSRN3,Cia Energetica Do Rio Gde Norte - Cosern,Utilidade Pública,Energia Elétrica,Energia Elétrica,,
CSRN5,Cia Energetica Do Rio Gde Norte - Cosern,Utilidade Pública,Energia Elétrica,Energia Elétrica,,
CSRN6,Cia Energetica Do Rio Gde Norte - Cosern,Utilidade Pública,Energia Elétrica,Energia Elétrica,,
EEEL3,Cia Estadual Ger.Trans.Ener.Elet-Ceee-Gt,Utilidade Pública,Energia Elétrica,Energia Elétrica,,
EEEL4,Cia Estadual Ger.Trans.Ener.Elet-Ceee-Gt,Utilidade Pública,Energia Elétrica,Energia Elétrica,,
EGIE3,Engie Brasil Energia S.A.,Utilidade Pública,Energia Elétrica,Energia Elétrica,,
EKTR3,Elektro Redes S.A.,Utilidade Pública,Energia Elétrica,Energia Elétrica,,
EKTR4,Elektro Redes S.A.,Utilidade Pública,Energia Elétrica,Energia Elétrica,,
ELET3,Centrais Elet Bras S.A. - Eletrobras,Utilidade Pública,Energia Elétrica,Energia Elétrica,,
ELET5,Centrais Elet Bras S.A. - Eletrobras,Utilidade Pública,Energia Elétrica,Energia Elétrica,,
ELET6,Centrais Elet Bras S.A. - Eletrobras,Utilidade Pública,Energia Elétrica,Energia Elétrica,,
ELPL3,Eletropaulo Metropolitana Eletricidade de Sao Paulo SA,Utilidade Pública,Energia Elétrica,Energia Elétrica,,
EMAE3,Emae - Empresa Metrop.Aguas Energia S.A.,Utilidade Pública,Energia Elétrica,Energia Elétrica,,
EMAE4,Emae - Empresa Metrop.Aguas Energia S.A.,Utilidade Pública,Energia Elétrica,Energia Elétrica,,
ENBR3,Edp - Energias Do Brasil S.A.,Utilidade Pública,Energia Elétrica,Energia Elétrica,,
ENEV3,Eneva S.A,Utilidade Pública,Energia Elétrica,Energia Elétrica,,
ENGI11,Energisa S.A.,Utilidade Pública,Energia Elétrica,Energia Elétrica,,
ENGI3,Energisa S.A.,Utilidade Pública,Energia Elétrica,Energia Elétrica,,
ENGI4,Energisa S.A.,Utilidade Pública,Energia Elétrica,Energia Elétrica,,
ENMT3,Energisa Mato Grosso-Distribuidora De Energia S/A,Utilidade Pública,Energia Elétrica,Energia Elétrica,,
ENMT4,Energisa Mato Grosso-Distribuidora De Energia S/A,Utilidade Pública,Energia Elétrica,Energia Elétrica,,
EQMA3,Equatorial Maranhão Distribuidora De Energia S.A.,Utilidade Pública,Energia Elétrica,Energia Elétrica,,
EQPA3,Equatorial Para Distribuidora De Energia S.A.,Utilidade Pública,Energia Elétrica,Energia Elétrica,,
EQPA5,Equatorial Para Distribuidora De Energia S.A.,Utilidade Pública,Energia Elétrica,Energia Elétrica,,
EQPA6,Equatorial Para Distribuidora De Energia S.A.,Utilidade Pública,Energia Elétrica,Energia Elétrica,,
EQPA7,Equatorial Para Distribuidora De Energia S.A.,Utilidade Pública,Energia Elétrica,Energia Elétrica,,
EQTL3,Equatorial Energia S.A.,Utilidade Pública,Energia Elétrica,Energia Elétrica,,
GEPA3,Rio Paranapanema Energia S.A.,Utilidade Pública,Energia Elétrica,Energia Elétrica,,
GEPA4,Rio Paranapanema Energia S.A.,Utilidade Pública,Energia Elétrica,Energia Elétrica,,
GPAR3,Cia Celg De Participacoes - Celgpar,Utilidade Pública,Energia Elétrica,Energia Elétrica,,
LIGT3,Light S.A.,Utilidade Pública,Energia Elétrica,Energia Elétrica,,
LIPR3,Eletrobras Participacoes S.A. - Eletropar,Utilidade Pública,Energia Elétrica,Energia Elétrica,,
NEOE3,Neoenergia S.A.,Utilidade Pública,Energia Elétrica,Energia Elétrica,,
OMGE3,Omega Geracao S.A.,Utilidade Pública,Energia Elétrica,Energia Elétrica,,
POWE3,"Focus Energia Holding Participacoes SA",Utilidade Pública,Energia Elétrica,Energia Elétrica,,
PRMN3,Produtores Energet.De Manso S.A.- Proman,Utilidade Pública,Energia Elétrica,Energia Elétrica,,
REDE3,Rede Energia Participacoes S.A.,Utilidade Pública,Energia Elétrica,Energia Elétrica,,
RNEW11,Renova Energia S.A.,Utilidade Pública,Energia Elétrica,Energia Elétrica,,
RNEW3,Renova Energia S.A.,Utilidade Pública,Energia Elétrica,Energia Elétrica,,
RNEW4,Renova Energia S.A.,Utilidade Pública,Energia Elétrica,Energia Elétrica,,
STKF3,Statkraft Energias Renovaveis S.A.,Utilidade Pública,Energia Elétrica,Energia Elétrica,,
TAEE11,Trans. Alianca De Energia Eletrica S.A.,Utilidade Pública,Energia Elétrica,Energia Elétrica,,
TAEE3,Trans. Alianca De Energia Eletrica S.A.,Utilidade Pública,Energia Elétrica,Energia Elétrica,,
TAEE4,Trans. Alianca De Energia Eletrica S.A.,Utilidade Pública,Energia Elétrica,Energia Elétrica,,
AESB3,Aes Tiete Energia SA,Utilidade Pública,Energia Elétrica,Energia Elétrica,,
TRPL3,Cteep - Cia Transmissao Energia Eletrica Paulista,Utilidade Pública,Energia Elétrica,Energia Elétrica,,
TRPL4,Cteep - Cia Transmissao Energia Eletrica Paulista,Utilidade Pública,Energia Elétrica,Energia Elétrica,,
UPKP,Uptick Participacoes S.A.,Utilidade Pública,Energia Elétrica,Energia Elétrica,,
CEGR3,Cia Distrib De Gas Do Rio De Janeiro-Ceg,Utilidade Pública,Gás,Gás,,
CGAS3,Cia Gas De Sao Paulo - Comgas,Utilidade Pública,Gás,Gás,,
CGAS5,Cia Gas De Sao Paulo - Comgas,Utilidade Pública,Gás,Gás,,